<?xml version="1.0" encoding="UTF-8"?>
<project-private xmlns="http://www.netbeans.org/ns/project-private/1">
    <editor-bookmarks xmlns="http://www.netbeans.org/ns/editor-bookmarks/2" lastBookmarkId="0"/>
    <open-files xmlns="http://www.netbeans.org/ns/projectui-open-files/2">
        <group>
            <file>file:/C:/Users/nikol/OneDrive/Área%20de%20Trabalho/Crud_Java_EletroTech/src/VIEW/TelaPrincipalVIEW.java</file>
            <file>file:/C:/Users/nikol/OneDrive/Área%20de%20Trabalho/Crud_Java_EletroTech/src/DAO/ConexaoDAO.java</file>
            <file>file:/C:/Users/nikol/OneDrive/Área%20de%20Trabalho/Crud_Java_EletroTech/src/DAO/UsuarioDAO.java</file>
            <file>file:/C:/Users/nikol/OneDrive/Área%20de%20Trabalho/Crud_Java_EletroTech/src/VIEW/frmCadastrarClienteAdminVIEW.java</file>
            <file>file:/C:/Users/nikol/OneDrive/Área%20de%20Trabalho/Crud_Java_EletroTech/src/DTO/UsuarioDTO.java</file>
        </group>
    </open-files>
</project-private>
